{"gban_users":{},"-1001368787621":{"settings":{"num_msg_max":"5","set_name":"تست","set_char":"40","time_check":"2"},"banned":[],"filterlist":[],"is_silent_users":[],"owners":{"205549111":"@Arashwm"},"whitelist":[],"mods":{"355523548":"@T\\_iGeR\\_1","205549111":"@Arashwm","793857379":"@"}},"-1001155210986":{"settings":{"num_msg_max":"5","set_name":"↬↬↬🎀دیـــونـــــه خـــونـــــه 🎀↬↬↬","set_char":"40","time_check":"2"},"banned":[],"filterlist":[],"is_silent_users":[],"owners":[],"whitelist":[],"mods":[]},"-1001225766355":{"settings":{"linkgp":"https://t.me/joinchat/G8ODpEkPtdPKffGUzugLpg","num_msg_max":"5","time_check":"2","set_char":"40","set_name":"ReXaR"},"banned":[],"filterlist":[],"is_silent_users":[],"owners":{"511644446":"@DoctorSamp"},"whitelist":[],"mods":{"511644446":"@DoctorSamp","465798052":"@X\\_Xx\\_GoD\\_xX\\_X"}},"-1001450418340":{"settings":{"linkgp":"https://t.me/joinchat/DEBuN1ZzoKSj0XZwtmhGlA","num_msg_max":5,"time_check":2,"set_char":40,"set_name":"Tiger"},"banned":{"391287250":"@MrCli"},"filterlist":[],"is_silent_users":[],"owners":{"355523548":"@T\\_iGeR\\_1","205549111":"@Arashwm","793857379":"@","597337584":"@sari1237"},"whitelist":[],"mods":{"355523548":"@T\\_iGeR\\_1","205549111":"@Arashwm","793857379":"@","597337584":"@sari1237"}},"-1001373880914":{"settings":{"linkgp":"https://t.me/joinchat/Fzi2zBIbKrP5JlVSDQmx5w","num_msg_max":"5","time_check":"2","set_char":"40","set_name":"Xaslar 🤘😻👻"},"banned":[],"filterlist":[],"is_silent_users":[],"owners":{"389592780":"@n\\_i\\_m\\_a\\_p\\_v\\_v"},"whitelist":[],"mods":{"336451786":"@Mrmufrd","389592780":"@n\\_i\\_m\\_a\\_p\\_v\\_v"}},"groups":{"-1001368787621":"-1001368787621","-1001155210986":"-1001155210986","-1001428481549":"-1001428481549","-1001450418340":"-1001450418340","-1001373880914":"-1001373880914","-1001292591747":"-1001292591747","-1001316255695":"-1001316255695","-1001225766355":"-1001225766355","-1001216848131":"-1001216848131"},"-1001316255695":{"settings":{"linkgp":"https://t.me/joinchat/DEBuN050d89aMYFyxstC_w","num_msg_max":"5","time_check":"2","set_char":"40","set_name":"Kil"},"banned":{"391287250":"@MrCli"},"filterlist":[],"is_silent_users":[],"owners":{"205549111":"@Arashwm","245674948":"@amirmohmmad3759"},"whitelist":[],"mods":{"355523548":"@T\\_iGeR\\_1","205549111":"@Arashwm","793857379":"@","245674948":"@amirmohmmad3759"}},"-1001292591747":{"settings":{"linkgp":"https://t.me/joinchat/J0bff00LYoOayvX22KMbcQ","num_msg_max":"5","time_check":"2","set_char":"40","set_name":"❤الاچیق دوستان(مشهدیا تهرانیا)❤"},"banned":[],"filterlist":[],"is_silent_users":[],"owners":{"658956159":"@Pesarmaghrorrr"},"whitelist":[],"mods":{"658956159":"@Pesarmaghrorrr","575060170":"@GroupStatistics30Bot","355523548":"@T\\_iGeR\\_1","226360810":"@Saeid0189","647484306":"@Mother\\_mm","229850939":"@Gitar\\_2801"}},"-1001216848131":{"settings":{"linkgp":"https://t.me/joinchat/DEBuN0iHoQNT1_lxukj35w","num_msg_max":"5","time_check":"2","set_char":"40","set_name":"👑ᴛɪɢᴇʀ.ᴛᴀєʍ👌"},"banned":{"391287250":"@MrCli"},"filterlist":[],"is_silent_users":[],"owners":{"205549111":"@Arashwm"},"whitelist":[],"mods":{"205549111":"@Arashwm","793857379":"@","355523548":"@T\\_iGeR\\_1","465798052":"@X\\_Xx\\_GoD\\_xX\\_X","245674948":"@amirmohmmad3759"}},"-1001428481549":{"settings":{"linkgp":"https://t.me/joinchat/FTDb3FUk5g1CvASwub_4RQ","num_msg_max":"5","time_check":"2","set_char":"40","set_name":"👑ᴍᴀᴛᴀᴅʀᴛᴀєʍ👑"},"banned":[],"filterlist":[],"is_silent_users":[],"owners":[],"whitelist":[],"mods":[]}}